<?xml version="1.0" encoding="UTF-8"?>
<project-private xmlns="http://www.netbeans.org/ns/project-private/1">
    <open-files xmlns="http://www.netbeans.org/ns/projectui-open-files/2">
        <group>
            <file>file:/Users/italodellareti/Desktop/v1.0%20(Final%20countdown)/TrabFinalAero/src/GUIClasses/close.png</file>
            <file>file:/Users/italodellareti/Desktop/v1.0%20(Final%20countdown)/TrabFinalAero/src/GUIClasses/editaraviaofinal.jpg</file>
            <file>file:/Users/italodellareti/Desktop/v1.0%20(Final%20countdown)/TrabFinalAero/src/GUIClasses/baseaeroeditadepois.png</file>
            <file>file:/Users/italodellareti/Desktop/v1.0%20(Final%20countdown)/TrabFinalAero/src/GUIClasses/baseremoveraero.png</file>
            <file>file:/Users/italodellareti/Desktop/v1.0%20(Final%20countdown)/TrabFinalAero/src/GUIClasses/antesVOO.jpg</file>
            <file>file:/Users/italodellareti/Desktop/v1.0%20(Final%20countdown)/TrabFinalAero/src/GUIClasses/baseaviaoedita.png</file>
            <file>file:/Users/italodellareti/Desktop/v1.0%20(Final%20countdown)/TrabFinalAero/src/GUIClasses/novoaeroportodepois.jpg</file>
            <file>file:/Users/italodellareti/Desktop/v1.0%20(Final%20countdown)/TrabFinalAero/src/GUIClasses/draw.png</file>
            <file>file:/Users/italodellareti/Desktop/v1.0%20(Final%20countdown)/TrabFinalAero/src/GUIClasses/adicionarvoo.jpg</file>
            <file>file:/Users/italodellareti/Desktop/v1.0%20(Final%20countdown)/TrabFinalAero/src/GUIClasses/editaraviao.jpg</file>
            <file>file:/Users/italodellareti/Desktop/v1.0%20(Final%20countdown)/TrabFinalAero/src/GUIClasses/baseremoveraerodepois.png</file>
            <file>file:/Users/italodellareti/Desktop/v1.0%20(Final%20countdown)/TrabFinalAero/src/GUIClasses/baseaeroedita.png</file>
            <file>file:/Users/italodellareti/Desktop/v1.0%20(Final%20countdown)/TrabFinalAero/src/GUIClasses/antesAE.jpg</file>
            <file>file:/Users/italodellareti/Desktop/v1.0%20(Final%20countdown)/TrabFinalAero/src/GUIClasses/novoaeroporto.jpg</file>
            <file>file:/Users/italodellareti/Desktop/v1.0%20(Final%20countdown)/TrabFinalAero/src/GUIClasses/editavoo.png</file>
            <file>file:/Users/italodellareti/Desktop/v1.0%20(Final%20countdown)/TrabFinalAero/src/GUIClasses/editavoodepois.png</file>
            <file>file:/Users/italodellareti/Desktop/v1.0%20(Final%20countdown)/TrabFinalAero/src/GUIClasses/back_1.png</file>
            <file>file:/Users/italodellareti/Desktop/v1.0%20(Final%20countdown)/TrabFinalAero/src/GUIClasses/id-card.png</file>
            <file>file:/Users/italodellareti/Desktop/v1.0%20(Final%20countdown)/TrabFinalAero/src/GUIClasses/cli.png</file>
            <file>file:/Users/italodellareti/Desktop/v1.0%20(Final%20countdown)/TrabFinalAero/src/GUIClasses/depoisAE.jpg</file>
            <file>file:/Users/italodellareti/Desktop/v1.0%20(Final%20countdown)/TrabFinalAero/src/GUIClasses/minus.png</file>
            <file>file:/Users/italodellareti/Desktop/v1.0%20(Final%20countdown)/TrabFinalAero/src/GUIClasses/depoisVO.jpg</file>
            <file>file:/Users/italodellareti/Desktop/v1.0%20(Final%20countdown)/TrabFinalAero/src/GUIClasses/interface.png</file>
            <file>file:/Users/italodellareti/Desktop/v1.0%20(Final%20countdown)/TrabFinalAero/src/GUIClasses/baseaviaoeditadepois.png</file>
            <file>file:/Users/italodellareti/Desktop/v1.0%20(Final%20countdown)/TrabFinalAero/src/GUIClasses/depoisCLIE.jpg</file>
            <file>file:/Users/italodellareti/Desktop/v1.0%20(Final%20countdown)/TrabFinalAero/src/GUIClasses/TelaPrincipal.java</file>
            <file>file:/Users/italodellareti/Desktop/v1.0%20(Final%20countdown)/TrabFinalAero/src/GUIClasses/antesCLIE.jpg</file>
            <file>file:/Users/italodellareti/Desktop/v1.0%20(Final%20countdown)/TrabFinalAero/src/GUIClasses/cliente2.jpg</file>
        </group>
    </open-files>
</project-private>
